Zielobjekt,Definition,Beispiel,Typ,Kategorie,Synonyme,ChildOfUUID,UUID
Administrierende,"Mitarbeitende, die mit der Administration von IT-Systemen, Netzen oder Anwendungen im Informationsverbund von der Institution unmittelbar oder mittelbar beauftragt sind.",,Nutzende,Organisatorisch,Admin,9d0465aa-a31f-465f-99c8-7a383322b2a4,efd76832-f5a1-432a-836d-c8d5c6d212cc
Anwendungen,"Eine Software, ein Computerprogramm oder ein Softwaredienst, der definierte fachliche oder technische Funktionen zur Verarbeitung, Bereitstellung oder Verwaltung von Informationen zur Verfügung stellt. Die Anwendung kann sowohl durch Software als auch durch Hardware umgesetzt sein. Anwendungen dienen der Unterstützung von Prozessen, sowie der Steuerung, Konfiguration, Überwachung oder Administration von Hardware, technischen Anlagen oder anderen Softwaresystemen.","Textverarbeitungen, Betriebssysteme, mobile Applikationen",Anwendungen,Technisch,Apps,,7e41ecf5-1831-4691-ad0c-4fc7bbc1b871
Archiv,"Räume, die zur Lagerung von Gegenständen zur dauerhaften Aufbewahrung von Informationen und Daten genutzt werden. Datenträgerarchive können sowohl digitale, als auch analoge Lösungen zur Archivierung umfassen.","Archiv, Aktenarchiv",Standorte,Organisatorisch,,09517106-2c2c-411e-a06c-65736363286f,dfd8e05b-a028-4403-9776-255b968cc4a6
Cloud-Dienste,"Outsourcing bei dem der fortlaufende Betrieb (eines Teils) der IT-Infrastruktur, Plattformen oder Software an einen externen Dienstleister ausgelagert wird. Beim Beziehen von Cloud-Diensten handelt es sich um das dynamisch an den Bedarf angepasste Nutzen von IT-Dienstleistungen über ein Netz.","Infrastructure-as-a-Service (IaaS), Platform-as-a-Service (PaaS), Software-as-a-Service (SaaS)",Einkäufe,Technisch,Cloud-Dienstleister,ff3b07f0-1d19-44fb-ac2c-dea97010c5b8,d2a23b62-9c66-4f72-98e2-17518d5dbe0f
Dateiserver,"Anwendungen, die Dateien und Verzeichnisdienste zentral bereitstellen, speichern, verwalten und den kontrollierten Zugriff darauf über ein Netzwerk ermöglichen. Sie unterstützen die gemeinsame Nutzung von Dateien, sowie die Verwaltung von Zugriffsberechtigungen.",Laufwerk,Anwendungen,Technisch,"Fileserver, NAS",7e41ecf5-1831-4691-ad0c-4fc7bbc1b871,eb65007a-2247-4346-a258-c242e066a10f
Daten,"Schützenswerte Informationen, die automatisiert verarbeitet werden oder in einem Dateisystem gespeichert sind.","Aktenordner, Kundendaten",Informationen,-,dokumentierte Informationen,5a5eceda-172c-4500-a19d-956dbb5de4a4,69d48234-d4c2-463d-9b76-c3a1580edd85
Dienstleistungen,Einkäufe von Leistungen im Zusammenhang mit Informationen der Institution.,"Rahmenvertrag zur IT-Beratung, Support-Dienstleistungsvertrag",Einkäufe,Organisatorisch,Services,5f59b23c-8d18-4d5f-ad96-c02ffad10daf,04d5e0fa-7b1a-48d5-b87c-1ee0060a4c2d
DNS-Server,"Anwendungen, die Domainnamen in IP-Adressen und umgekehrt auflösen, sowie Informationen über DNS-Zonen bereitstellen und verwalten. Sie ermöglichen die Namensauflösung und unterstützen die Kommunikation in IP-basierten Netzwerken.",,Anwendungen,Technisch,Nameserver,7e41ecf5-1831-4691-ad0c-4fc7bbc1b871,f88fd07b-f918-45b5-80a5-59fcea43a99c
Einkäufe,"Vorgang durch den die Institution die notwendigen Hard- und Softwarekomponenten, IT-Dienstleistungen oder andere für den Geschäftsbetrieb notwendige Ressourcen durch Dritte erhält.","Kauf-, Werk oder Mietvertrag",Einkäufe,Organisatorisch,"Verträge, Beschaffungen",,5f59b23c-8d18-4d5f-ad96-c02ffad10daf
E-Mail,"Interpersonelle Kommunikationsanwendungen, die den elektronischen Versand, Empfang, die Speicherung und die Verwaltung von E-Mail-Nachrichten ermöglichen. Sie unterstützen die asynchrone Kommunikation zwischen Personen oder Personengruppen, sowie die Übermittlung von Anhängen und anderen Nachrichteninhalten.",Mailprogramm,Anwendungen,Technisch,,047aa523-6955-423d-924e-8376fb1d5722,7aa03e0c-a417-4b08-a6d5-b89bd63c6a83
Externe Netzanschlüsse,Externe Netzanschlüsse sind die Übergänge in Netze außerhalb des Informationsverbundes.,"Internet-Uplinks, Leitungen zu Partnern/Dienstleistern, Cloud-Peering, VoIP-Anbindung, öffentliche Mobilfunk-/5G-Router",,Technisch,Internetanschluss,1a4fb57d-1648-4111-979d-6a5f4f848620,a9521914-ccf9-4c20-8eef-2dd912fb815d
Faxanwendungen,"Anwendungen, die den elektronischen Versand, Empfang, die Verarbeitung oder Verwaltung von Faxnachrichten über Telekommunikationsnetze ermöglichen. Die Zielobjektkategorie umfasst sowohl Faxanwendungen und Faxhardware.",Faxgeraet,Anwendungen,Technisch,"Faxgeräte, FAX-Server",7e41ecf5-1831-4691-ad0c-4fc7bbc1b871,05df1662-903f-41ff-ba88-0fbe86050550
Führungskräfte,"Mitarbeitende, die Führungsaufgaben wahrnehmen, insbesondere Personalverantwortung.","Teamleitung, Sachgebietsleitung, Leitungskräfte, Referatsleitung",Nutzende,Organisatorisch,Vorgesetzte,9d0465aa-a31f-465f-99c8-7a383322b2a4,4779a07f-e7fd-4837-a920-7ab9254b0dd5
Gebäude,"Standorte, welche aus einem einzelnen baulich abgegrenzten Bauwerk bestehen. Ein Gebäude dient einem oder mehreren Zwecken und besteht aus einer oder mehreren nutzbaren Flächen.",,Standorte,Organisatorisch,,df3978e8-775d-4aa6-8be7-fd2a6f12315d,422401b2-2c71-4ea5-a71c-6f386ba16cfc
Hostsysteme,IT-Systeme die anderen IT-Systemen Dienste bereitstellen. In der Regel handelt es sich hierbei um eine Kommunikation von Maschine zu Maschine.,"Server, Router, Core-Switch, Firewall",IT-Systeme,Technisch,Server,427da6dd-d744-4b2b-88b7-f0a695f21e14,19c946fc-e991-44ee-87c5-7bbe5d5aaf55
Informationen,"Werte, die in den Geschäftsprozessen verarbeitet werden und eine inhaltliche Bedeutung für diesen haben.",,Informationen,-,,,5a5eceda-172c-4500-a19d-956dbb5de4a4
Institutionsleitung,"Führungskräfte, welche die Gesamtverantwortung für die Institution haben, insbesondere für die Ziele, Strategien und Richtlinien. Umfasst sowohl die leitende Person selbst, ihre Stellvertretung als auch alle Personen, die Gesamtentscheidungen für die Institution tragen.","Präsidentschaft einer Behörde, C-Level, oberstes Management, oberste Leitung",Mitarbeitende,Organisatorisch,,4779a07f-e7fd-4837-a920-7ab9254b0dd5,d3343f0a-974f-43c5-b101-4522403422ce
Interne Netzsegmente,"Netze, die innerhalb des Informationsverbundes betrieben werden.","Core-Network, segmentierte LANs",Netze,Technisch,Netzwerk,1a4fb57d-1648-4111-979d-6a5f4f848620,8ef347e7-ea3f-4624-b0f3-2af728443301
Interpersonelle Kommunikation,"Anwendungen, die den Austausch von Informationen zwischen Personen oder Personengruppen ermöglichen oder unterstützen. Sie stellen Kommunikationsfunktionen für den synchronen oder asynchronen Informationsaustausch über unterschiedliche Kommunikationskanäle bereit.",Messangeranwendungen,Anwendungen,Technisch,Nachrichtenanwendung,7e41ecf5-1831-4691-ad0c-4fc7bbc1b871,047aa523-6955-423d-924e-8376fb1d5722
IT-Produkte,"Einkäufe von technologischen Komponenten oder Lösungen, die zur Unterstützung, Verwaltung oder Erweiterung eines IT-Systems oder einer Anwendung dienen. IT-Produkte können materiell oder immateriell sein und erfüllen eine spezifische Funktion innerhalb der IT-Infrastruktur einer Institution. Insbesondere sind dies beschaffte IT-Systeme und Anwendungen.",,Einkäufe,Technisch,,5f59b23c-8d18-4d5f-ad96-c02ffad10daf,23ea0f81-17ed-4b31-be13-955b46b5a905
IT-Systeme,"Informationstechnische Systeme zur elektronischen Datenverarbeitung. Sie können aus mehreren Komponenten (z.B. CPU, RAM, GPU) bestehen. Virtuelle IT-System zählen hierzu. Die Betriebsplattform ist Bestandteil des IT-Systems.",,IT-Systeme,Technisch,"Computer, Computersystem",,427da6dd-d744-4b2b-88b7-f0a695f21e14
Mitarbeitende,"Nutzende, die von der Institution beschäftigt werden. Beschäftigte sind alle Personen, die von der Institution in die Betriebsabläufe eingebunden werden. Der Begriff umfasst sowohl Arbeitnehmende als auch andere Personen, die in einer Institution tätig sind.","Angestellte, Auszubildende, Praktikanten, Leiharbeiter, Beamte",Nutzende,Organisatorisch,Bedienstete,38125c38-8895-493c-ba73-77ac1029d02d,9d0465aa-a31f-465f-99c8-7a383322b2a4
Mobile Endgeräte,"Mobile IT-Systeme, welche mit verschiedenen Daten- oder Telekommunikationsnetzes verbunden werden können. In der Regel werden sie von natürlichen Personen verwendet.",Notebooks,IT-Systeme,Technisch,,427da6dd-d744-4b2b-88b7-f0a695f21e14,837781a4-7b47-4695-9545-a3310eac7a66
Netze,"Verbindungen eines oder mehrerer IT-Systeme, über die ein Datenaustausch stattfinden kann, z.B. Ethernet LAN, SAN, Wireless LAN, Mobilfunkanschluss.","SAN, LAN, Mobilfunkanschluss",Netze,Technisch,Netzwerk,,1a4fb57d-1648-4111-979d-6a5f4f848620
Nutzende,"Alle natürlichen Personen, welche regelmäßig die Assets  im Informationsverbund für die Institution benutzen können, unabhängig davon ob sie aus Sicht der Institution intern oder extern sind.",externe Berater,Nutzende,Organisatorisch,"Nutzer, User",,38125c38-8895-493c-ba73-77ac1029d02d
Office-Anwendungen,"Anwendungen, die der Erstellung, Bearbeitung, Verwaltung und gemeinsamen Nutzung von Bürodokumenten und vergleichbaren Büroinhalten dienen.","Textprogramm, Tabellenkalkulationsprogramm",Anwendungen,Technisch,Office-Produkte,7e41ecf5-1831-4691-ad0c-4fc7bbc1b871,b5f9e5ce-d90e-4da5-8ee7-32eae4829e55
Outsourcing,Dienstleistungen zur Ausübung und Unterstützung von Geschäftsprozessen. Sie sind von substantiellem Umfang innerhalb der Geschäftsprozesse und gehen über eine einmalige Ausübung hinaus.,RZ-Housing,Einkäufe,Organisatorisch,,04d5e0fa-7b1a-48d5-b87c-1ee0060a4c2d,ff3b07f0-1d19-44fb-ac2c-dea97010c5b8
Räume,"Orte, an denen sich Arbeitsplätze oder Anlagen zur Datenverarbeitung im Informationsverbund befinden.","Großraumbüro, Konferenzraum",Standorte,Organisatorisch,Büroräume,df3978e8-775d-4aa6-8be7-fd2a6f12315d,09517106-2c2c-411e-a06c-65736363286f
Räume für technische Infrastruktur,"Räume, die insbesondere für IT-Systeme und andere technische Komponenten vorgesehen, hergerichtet oder genutzt werden. In der Regel sind Räume für technische Infrastruktur nicht allgemein zugänglich.","Netzwerkverteilerraum, Schaltraum, Technikraum",Standorte,Organisatorisch,Schrank für technische Infrastruktur,09517106-2c2c-411e-a06c-65736363286f,564530dd-29ce-4988-9192-3b4dbfef061c
Serverräume,"Räume für technische Infrastruktur, die vorwiegend für Server und serverartige IT-Systeme verwendet werden.",Serverraum,Standorte,Organisatorisch,Rechenzentrumsraum,564530dd-29ce-4988-9192-3b4dbfef061c,3a894eaa-7b42-4f59-9961-76c9a3ec2837
Standorte,"Ein geographisch abgegrenzter Ort, an dem die Institution ihre Geschäftsprozesse ausführt. Der Standort umfasst sämtliche baulichen und organisatorischen Einheiten an einer Adresse oder auf einem zusammenhängenden Gelände.",Liegenschaft,Standorte,Organisatorisch,,,df3978e8-775d-4aa6-8be7-fd2a6f12315d
TK-Anwendungen,"Anwendungen, welche die elektronische Kommunikation zwischen Personen, Systemen oder Endgeräten über Telekommunikationsnetze ermöglichen, unterstützen oder verwalten. Sie stellen Funktionen für den Austausch von Sprache, Video, Nachrichten oder anderen Kommunikationsdaten bereit.",,Anwendungen,Technisch,TK-Server,7e41ecf5-1831-4691-ad0c-4fc7bbc1b871,67f74abf-162d-4e47-a24a-6ff53e9b124d
Verzeichnisdienste,"(Server-)Anwendungen, zur zentralen Verwaltung und Bereitstellung von Informationen. Sie ermöglichen die eindeutige Identifizierung, Authentifizierung, Autorisierung sowie die strukturierte Organisation und Suche von Verzeichnungsobjekten innerhalb eines Verzeichnisses","DNS,X.500, LDAP",Anwendungen,Technisch,,7e41ecf5-1831-4691-ad0c-4fc7bbc1b871,7a2b2665-c790-4395-9980-867c900be347
Virtualisierungslösungen,"Anwendungen, welche die Ausführung und Verwaltung virtueller Ressourcen ermöglichen. Sie abstrahieren physische Hardware und stellen virtuelle Instanzen wie virtuelle Maschinen, Container oder virtuelle Netzwerke und Speicher bereit, verwalten oder orchestrieren.","Hypervisoren, Containerisierung",Anwendungen,Technisch,"VM-Hosts, Virtual Desktop Infrastructure, Terminalserver",7e41ecf5-1831-4691-ad0c-4fc7bbc1b871,38167a3c-ee3e-4261-9c44-994c15a31d2c
VK-Anwendungen,"Telekommunikationsanwendungen, die über die Telekommunikation hinaus Audio-Visuelle Kommunikation zwischen Personen und Personengruppen ermöglichen.",,Anwendungen,Technisch,Videotelefonie,67f74abf-162d-4e47-a24a-6ff53e9b124d,e0f11cba-1d72-4c30-a1e9-e33f794cdfb6
Webanwendungen,"Webserveranwendungen, die über einen Webserver bereitgestellt und mittels eines Webbrowsers genutzt werden. Sie stellen fachliche oder technische Funktionen über standardisierte Webprotokolle und Webtechnologien bereit.",,Anwendungen,Technisch,,b1411d0f-ffd1-45b7-837b-cd97ba4ed9e7,36cb0d6b-2f90-43bc-b625-9870112cf847
Webbrowser,"(Client-)Anwendungen, die zum Abruf und zur Anzeige von Webseiten und Webanwendungen dienen.",Internetbrowser,Anwendungen,Technisch,,7e41ecf5-1831-4691-ad0c-4fc7bbc1b871,8b64663c-8388-40bc-a68b-473e753ae4d0
Webserver,"(Server-)Anwendungen, die Daten über die Internetprotokolle HTTP oder HTTPS bereitstellen. Sie bilden die Kernkomponenten jedes Webangebotes, nehmen Anfragen der Clients entgegen und liefern die entsprechenden Inhalte zurück. Da Webserver eine einfache Schnittstelle zwischen Serveranwendungen und Clients bieten, werden sie auch häufig für interne Informationen und Anwendungen in Institutionsnetzen, wie dem Intranet, eingesetzt.",,Anwendungen,Technisch,,7e41ecf5-1831-4691-ad0c-4fc7bbc1b871,b1411d0f-ffd1-45b7-837b-cd97ba4ed9e7
WLANs,"Netze, die es IT-Systemen ermöglichen drahtlos an andere Netzte angebunden zu werden.",,Netze,Technisch,"WiFi, Wireless LAN",8ef347e7-ea3f-4624-b0f3-2af728443301,82a399a2-2fa7-4dd2-9850-89a7ee0505ea
