Tag,Bedeutung
Zero Trust,"Ein Sicherheitskonzept, das davon ausgeht, dass keine Entität (Benutzer oder Gerät) standardmäßig vertrauenswürdig ist, unabhängig davon, ob sie sich innerhalb oder außerhalb des Netzwerks befindet. Jeder Zugriff muss verifiziert werden."
Lateral Movement,"Die Technik, mit der sich Angreifer nach dem ersten Zugriff innerhalb eines Netzwerks horizontal bewegen, um weitere Systeme zu kompromittieren und höhere Zugriffsrechte zu erlangen."
Inventories,"Systematische Verzeichnisse aller IT-Assets (Hardware, Software, Daten) einer Organisation, die für effektives Risikomanagement und Sicherheitskontrolle unerlässlich sind."
Separation of Concerns,"Designprinzip in der Softwareentwicklung und IT-Architektur, bei dem verschiedene Funktionen oder Verantwortlichkeiten voneinander getrennt werden, um Komplexität zu reduzieren und Sicherheit zu erhöhen."
Internet Exposure,"Das Ausmaß, in dem Systeme, Dienste oder Informationen über das Internet zugänglich sind und potenziell Angriffsfläche für Bedrohungen bieten."
Command & Control,"Die Infrastruktur und Kommunikationskanäle, die von Angreifern verwendet werden, um mit kompromittierten Systemen zu kommunizieren und diese fernzusteuern."
Network Access Control,"Sicherheitslösung, die reguliert, welche Geräte Zugriff auf ein Netzwerk erhalten, basierend auf Authentifizierung, Autorisierung und Gerätekonformität."
Rogue Access Point,"Ein nicht autorisierter WLAN-Zugangspunkt, der an ein Unternehmensnetzwerk angeschlossen ist und ein Sicherheitsrisiko darstellt, da er den Umgehung von Sicherheitsmaßnahmen ermöglichen kann."
Automatische Sicherheitsrichtlinie,"Mechanismen, die Sicherheitsregeln und -richtlinien automatisch durchsetzen, ohne menschliches Eingreifen, um konsistente Sicherheitsstandards zu gewährleisten."
Defense-in-depth,"Sicherheitsstrategie, die mehrere Verteidigungsschichten verwendet, um Systeme und Daten zu schützen, sodass beim Versagen einer Schicht weitere Sicherheitsbarrieren bestehen bleiben."
VPN,"Virtual Private Network, eine Technologie, die eine sichere, verschlüsselte Verbindung über ein öffentliches Netzwerk (meist das Internet) herstellt, um vertrauliche Datenübertragungen zu schützen."
Hochverfügbarkeit,"Systemeigenschaft, die sicherstellt, dass ein Dienst kontinuierlich verfügbar ist, mit minimalen oder keinen Ausfallzeiten, oft durch Redundanz und Failover-Mechanismen erreicht."
Failover,"Automatischer Prozess, bei dem ein System bei Ausfall auf ein Backup- oder redundantes System umschaltet, um die Kontinuität des Betriebs zu gewährleisten."
PSTN,"Public Switched Telephone Network, das traditionelle Telefonnetz, das aus Kupferkabeln besteht und Sprachkommunikation durch Schaltkreise vermittelt."
DDoS,"Distributed Denial of Service, ein Angriff, bei dem mehrere kompromittierte Systeme einen gezielten Server, Dienst oder eine Infrastruktur mit Anfragen überfluten, um ihn zu überlasten und nicht mehr verfügbar zu machen."
Insider Threat,"Sicherheitsrisiko, das von Personen innerhalb einer Organisation ausgeht, die aufgrund ihres legitimen Zugriffs sensible Informationen missbrauchen oder Systeme schädigen können."
Shoulder Surfing,"Eine physische Angriffsmethode, bei der ein Angreifer durch Beobachten über die Schulter Informationen wie Passwörter oder PINs ausspäht."
Physical Access Control,"Maßnahmen und Systeme zur Kontrolle des physischen Zugangs zu Gebäuden, Räumlichkeiten oder IT-Ressourcen, um unbefugten Zugriff zu verhindern."
Bring Your Own Device,"Unternehmensrichtlinie, die es Mitarbeitern erlaubt, persönliche Geräte (Smartphones, Laptops) für Arbeitszwecke zu nutzen, was besondere Sicherheitsherausforderungen mit sich bringt."
Kompetenzmanagement,"Inhalte, bei denen Kompetenzen gefordert werden. Kompetenz ist die Fähigkeit, Wissen und Fertigkeiten effektiv einzusetzen, um bestimmte Aufgaben zu erfüllen, oft mit einer nachweisbaren Befähigung verbunden."
Shadow IT,"IT-Systeme, -Geräte, -Software oder -Dienste, die ohne explizite Genehmigung der IT-Abteilung in einem Unternehmen verwendet werden und potenzielle Sicherheitsrisiken darstellen."
Security by Design,"Ansatz in der Softwareentwicklung und Systemarchitektur, bei dem Sicherheitsaspekte von Beginn des Entwicklungsprozesses an integriert werden, anstatt sie nachträglich hinzuzufügen."
Replay Attacks,"Angriffsmethode, bei der gültige Datenübertragungen abgefangen und wiederholt werden, um sich unbefugten Zugriff zu verschaffen oder Transaktionen zu duplizieren."
Session Hijacking,"Attacke, bei der ein Angreifer eine aktive Computersitzung übernimmt, indem er die eindeutige Sitzungs-ID abfängt, um sich als der authentifizierte Benutzer auszugeben."
Error Handling,"Prozesse zur Identifizierung, Protokollierung und Behebung von Fehlern in Softwareanwendungen, ohne sensible Informationen preiszugeben oder Systemstabilität zu gefährden."
Cryptography,"Wissenschaft der Verschlüsselung von Informationen, um sie vor unbefugtem Zugriff zu schützen und sichere Kommunikation zu ermöglichen."
Lieferketten,"Netzwerk von Organisationen, Menschen und Prozessen, die an der Produktion und Bereitstellung von Produkten oder Dienstleistungen beteiligt sind, einschließlich der damit verbundenen Sicherheitsrisiken."
Secure Compiling Practices,"Methoden und Richtlinien zur Erstellung von Software unter Berücksichtigung von Sicherheitsaspekten während des Kompilierungsprozesses, um Schwachstellen im Binärcode zu vermeiden."
Change Management,"Strukturierter Ansatz zur Durchführung von Änderungen an IT-Systemen, der die Auswirkungen auf den Betrieb und die Sicherheit minimiert und dokumentiert."
Security by Default,"Prinzip, bei dem die sichersten Einstellungen als Standardkonfiguration verwendet werden, sodass Benutzer keine zusätzlichen Maßnahmen ergreifen müssen, um Sicherheit zu gewährleisten."
Data Leak,"Unbeabsichtigte oder unbefugte Offenlegung sensibler Informationen, die zu Datenverlust, Reputationsschäden oder rechtlichen Konsequenzen führen kann."
BCM,"Business Continuity Management, ein Rahmenwerk von Prozessen zur Identifizierung potenzieller Bedrohungen und deren Auswirkungen auf den Geschäftsbetrieb, um Resilienz und Wiederherstellungsfähigkeit zu gewährleisten."
MFA,"Multi-Faktor-Authentifizierung, ein Sicherheitsverfahren, das mindestens zwei unterschiedliche Authentifizierungsfaktoren (Wissen, Besitz, Inhärenz) erfordert, um Identitäten zuverlässiger zu verifizieren."
Living off the land,"Angriffstechnik, bei der legitime, bereits im System vorhandene Tools und Prozesse für böswillige Zwecke genutzt werden, um Erkennung zu erschweren."
Credential Stuffing,"Cyberangriff, bei dem automatisiert gestohlene Benutzernamen und Passwörter auf verschiedenen Websites ausprobiert werden, um von Passwortwiederverwendung zu profitieren."
Pentest,"Penetrationstest, eine autorisierte Simulation eines Cyberangriffs auf ein Computersystem, um Sicherheitslücken zu identifizieren und zu beheben, bevor sie ausgenutzt werden können."
Automatic Session Locking,"Sicherheitsfunktion, die eine Benutzersitzung nach einer festgelegten Inaktivitätszeit automatisch sperrt, um unbefugten Zugriff zu verhindern."
Recon,"Abkürzung für Reconnaissance, die Phase eines Cyberangriffs, in der Informationen über potenzielle Ziele gesammelt werden, um Schwachstellen zu identifizieren."
Denial of Service,"Angriff, der darauf abzielt, ein System, einen Dienst oder eine Ressource für legitime Benutzer unzugänglich zu machen, indem Ressourcen erschöpft oder Kommunikationswege blockiert werden."
Auslandsreisen,"Aufenthalte außerhalb des Heimat- bzw. Wohnsitzlandes der beschäftigten Person, bei denen Informationen und Assets aus dem Informationsverbund verwendet werden. Dazu zählen sowohl vorübergehende Arbeitsaufenthalte an Standorten der eigenen Institution oder bei Geschäftspartnern als auch die Erbringung mobiler Arbeit von beliebigen Orten im Ausland. Wesentlich ist dabei, dass die Tätigkeit grenzüberschreitend ausgeübt wird und dadurch rechtliche, steuerliche sowie arbeits- und sozialversicherungsrechtliche Rahmenbedingungen anderer Staaten berührt werden könnten."
Produktbeschreibung,"Anforderungen mit diesem Tag sind sinnvolle Bestandteile einer dokumentierten Beschreibung eines IT-Produktes. Die vom Produkt implementierten Anforderungen können (durch Herstellers, Dienstleister oder Lieferanten) als OSCAL component-definition bereitgestellt werden um einen schnellen Abgleich zwischen Grundschutz++ und der Implementierung zu ermöglichen."
Advanced Persistent Threats (APT),"Komplexe, gezielte und langfristige Cyberangriffe, bei denen Angreifer unbemerkt in einer Umgebung verbleiben, um Informationen auszuspähen oder Systeme zu manipulieren."
Archivierung,"Geordnete und langfristige Aufbewahrung von Informationen oder Dokumenten, damit sie nachvollziehbar, verfügbar und bei Bedarf wiederauffindbar bleiben."
Authentication and Authorization,"Sicherheitsprozesse zur Prüfung von Identitäten und zur Festlegung, auf welche Systeme, Daten oder Funktionen ein Benutzer oder Dienst zugreifen darf."
Brute-Force-Attacke,"Angriff, bei dem Zugangsdaten oder kryptografische Schlüssel automatisiert durch massenhaftes Ausprobieren möglicher Werte ermittelt werden sollen."
Compliance-Management,"Organisatorische und prozessuale Maßnahmen zur Sicherstellung, Dokumentation und Überwachung der Einhaltung relevanter Anforderungen und Richtlinien."
Data Exfiltration,"Unbefugter Abfluss sensibler Daten aus einem System oder Netzwerk, etwa durch Angreifer, Schadsoftware oder missbräuchliche interne Zugriffe."
Exit-Strategie,"Geplanter Ansatz für den geordneten Ausstieg aus einem Dienstleister-, Produkt- oder Vertragsverhältnis, um Betrieb, Daten und Sicherheit kontrolliert zu überführen."
Führungsverantwortung,"Verantwortung von Leitungs- und Führungskräften, Sicherheitsziele festzulegen, Maßnahmen zu unterstützen und deren Umsetzung wirksam zu steuern."
Honeypot,"Absichtlich bereitgestelltes Scheinziel in einem IT-System, das Angreifer anlocken, deren Verhalten beobachten und echte Systeme entlasten oder schützen soll."
Inspektion,"Geplante Prüfung von Systemen, Prozessen oder Zuständen, um Konformität, Sicherheit, Qualität oder ordnungsgemäße Umsetzung festzustellen."
Kontakt mit Behörden,"Abstimmung und Kommunikation mit zuständigen Behörden, etwa bei Sicherheitsvorfällen, Meldepflichten, Prüfungen oder regulatorischen Anforderungen."
Langzeitarchivierung,"Dauerhafte, unveränderbare und nachvollziehbare Aufbewahrung von Informationen über lange Zeiträume unter Berücksichtigung von Verfügbarkeit und Lesbarkeit."
Password Policy,"Vorgaben für Erstellung, Nutzung, Änderung und Schutz von Passwörtern, um die Sicherheit von Benutzerkonten zu erhöhen."
Phishing,"Betrugsversuch, bei dem Angreifer durch täuschend echte Nachrichten oder Webseiten vertrauliche Informationen wie Passwörter oder Zahlungsdaten erlangen wollen."
Privilege Escalation,"Ausweitung von Berechtigungen durch einen Angreifer oder Benutzer, um höhere Rechte zu erlangen als ursprünglich vorgesehen."
Privilegierte Rechte,"Erweiterte Zugriffs- und Administrationsrechte, mit denen besonders weitreichende Änderungen an Systemen, Diensten oder Daten vorgenommen werden können."
Shared Responsibility Model,"Modell zur Aufteilung von Sicherheits- und Betriebsverantwortung zwischen mehreren Parteien, zum Beispiel zwischen Cloud-Anbieter und Kunde."
